run_id,batch_label,metric,column,value,threshold,is_alert
2021-W14-2026-07-07T00:46:35.743387+00:00,2021-W14,psi,price,0.04031858371959546,0.2,False
2021-W15-2026-07-07T00:47:00.838004+00:00,2021-W15,psi,price,0.0008031903142754514,0.2,False
2021-W16-2026-07-07T00:47:35.000734+00:00,2021-W16,psi,price,0.0019387614472397706,0.2,False
2021-W17-2026-07-07T00:48:25.517543+00:00,2021-W17,psi,price,0.005922793821064736,0.2,False
2021-W18-2026-07-07T00:50:07.738745+00:00,2021-W18,psi,price,0.006703075211589326,0.2,False
2021-W14-2026-07-07T00:46:35.743387+00:00,2021-W14,psi,mileage,0.01958655532870669,0.2,False
2021-W15-2026-07-07T00:47:00.838004+00:00,2021-W15,psi,mileage,0.001770489442437731,0.2,False
2021-W16-2026-07-07T00:47:35.000734+00:00,2021-W16,psi,mileage,0.0020617653321258382,0.2,False
2021-W17-2026-07-07T00:48:25.517543+00:00,2021-W17,psi,mileage,0.0011273861118680066,0.2,False
2021-W18-2026-07-07T00:50:07.738745+00:00,2021-W18,psi,mileage,0.0028400218181783158,0.2,False
2021-W14-2026-07-07T00:46:35.743387+00:00,2021-W14,psi,year,0.024962527130842852,0.2,False
2021-W15-2026-07-07T00:47:00.838004+00:00,2021-W15,psi,year,0.0016309495487896453,0.2,False
2021-W16-2026-07-07T00:47:35.000734+00:00,2021-W16,psi,year,0.0032191862511477343,0.2,False
2021-W17-2026-07-07T00:48:25.517543+00:00,2021-W17,psi,year,0.006050733867647587,0.2,False
2021-W18-2026-07-07T00:50:07.738745+00:00,2021-W18,psi,year,0.0032720558710051546,0.2,False
2021-W14-2026-07-07T00:46:35.743387+00:00,2021-W14,null_rate_delta,brand,0.0,0.1,False
2021-W15-2026-07-07T00:47:00.838004+00:00,2021-W15,null_rate_delta,brand,0.0,0.1,False
2021-W16-2026-07-07T00:47:35.000734+00:00,2021-W16,null_rate_delta,brand,0.0,0.1,False
2021-W17-2026-07-07T00:48:25.517543+00:00,2021-W17,null_rate_delta,brand,0.0,0.1,False
2021-W18-2026-07-07T00:50:07.738745+00:00,2021-W18,null_rate_delta,brand,0.0,0.1,False
2021-W14-2026-07-07T00:46:35.743387+00:00,2021-W14,null_rate_delta,condition,0.035338018925239856,0.1,False
2021-W15-2026-07-07T00:47:00.838004+00:00,2021-W15,null_rate_delta,condition,-0.010442434534923273,0.1,False
2021-W16-2026-07-07T00:47:35.000734+00:00,2021-W16,null_rate_delta,condition,-0.005548427908116826,0.1,False
2021-W17-2026-07-07T00:48:25.517543+00:00,2021-W17,null_rate_delta,condition,-0.02202822749292438,0.1,False
2021-W18-2026-07-07T00:50:07.738745+00:00,2021-W18,null_rate_delta,condition,-0.003934667190339081,0.1,False
2021-W14-2026-07-07T00:46:35.743387+00:00,2021-W14,null_rate_delta,county,0.0,0.1,False
2021-W15-2026-07-07T00:47:00.838004+00:00,2021-W15,null_rate_delta,county,0.0,0.1,False
2021-W16-2026-07-07T00:47:35.000734+00:00,2021-W16,null_rate_delta,county,0.0,0.1,False
2021-W17-2026-07-07T00:48:25.517543+00:00,2021-W17,null_rate_delta,county,0.0,0.1,False
2021-W18-2026-07-07T00:50:07.738745+00:00,2021-W18,null_rate_delta,county,0.0,0.1,False
2021-W14-2026-07-07T00:46:35.743387+00:00,2021-W14,null_rate_delta,cylinders,0.014897683009344742,0.1,False
2021-W15-2026-07-07T00:47:00.838004+00:00,2021-W15,null_rate_delta,cylinders,-0.01687232095262431,0.1,False
2021-W16-2026-07-07T00:47:35.000734+00:00,2021-W16,null_rate_delta,cylinders,-0.0017617556269030055,0.1,False
2021-W17-2026-07-07T00:48:25.517543+00:00,2021-W17,null_rate_delta,cylinders,-0.028638612738106528,0.1,False
2021-W18-2026-07-07T00:50:07.738745+00:00,2021-W18,null_rate_delta,cylinders,0.0020749825823459522,0.1,False
2021-W14-2026-07-07T00:46:35.743387+00:00,2021-W14,null_rate_delta,description,0.0,0.1,False
2021-W15-2026-07-07T00:47:00.838004+00:00,2021-W15,null_rate_delta,description,0.0,0.1,False
2021-W16-2026-07-07T00:47:35.000734+00:00,2021-W16,null_rate_delta,description,0.0,0.1,False
2021-W17-2026-07-07T00:48:25.517543+00:00,2021-W17,null_rate_delta,description,0.0,0.1,False
2021-W18-2026-07-07T00:50:07.738745+00:00,2021-W18,null_rate_delta,description,4.3309729530739084e-05,0.1,False
2021-W14-2026-07-07T00:46:35.743387+00:00,2021-W14,null_rate_delta,drive,0.017303671464013792,0.1,False
2021-W15-2026-07-07T00:47:00.838004+00:00,2021-W15,null_rate_delta,drive,-0.01334685321013035,0.1,False
2021-W16-2026-07-07T00:47:35.000734+00:00,2021-W16,null_rate_delta,drive,0.002689279189623195,0.1,False
2021-W17-2026-07-07T00:48:25.517543+00:00,2021-W17,null_rate_delta,drive,-0.006071481330987061,0.1,False
2021-W18-2026-07-07T00:50:07.738745+00:00,2021-W18,null_rate_delta,drive,0.0020950392795152095,0.1,False
2021-W14-2026-07-07T00:46:35.743387+00:00,2021-W14,null_rate_delta,fuel,0.003698386864087356,0.1,False
2021-W15-2026-07-07T00:47:00.838004+00:00,2021-W15,null_rate_delta,fuel,-0.0007990392942535006,0.1,False
2021-W16-2026-07-07T00:47:35.000734+00:00,2021-W16,null_rate_delta,fuel,0.0012150703559957949,0.1,False
2021-W17-2026-07-07T00:48:25.517543+00:00,2021-W17,null_rate_delta,fuel,-0.001186055562809412,0.1,False
2021-W18-2026-07-07T00:50:07.738745+00:00,2021-W18,null_rate_delta,fuel,-0.00025119857441490995,0.1,False
2021-W14-2026-07-07T00:46:35.743387+00:00,2021-W14,null_rate_delta,id,0.0,0.1,False
2021-W15-2026-07-07T00:47:00.838004+00:00,2021-W15,null_rate_delta,id,0.0,0.1,False
2021-W16-2026-07-07T00:47:35.000734+00:00,2021-W16,null_rate_delta,id,0.0,0.1,False
2021-W17-2026-07-07T00:48:25.517543+00:00,2021-W17,null_rate_delta,id,0.0,0.1,False
2021-W18-2026-07-07T00:50:07.738745+00:00,2021-W18,null_rate_delta,id,0.0,0.1,False
2021-W14-2026-07-07T00:46:35.743387+00:00,2021-W14,null_rate_delta,image_url,0.0,0.1,False
2021-W15-2026-07-07T00:47:00.838004+00:00,2021-W15,null_rate_delta,image_url,0.0,0.1,False
2021-W16-2026-07-07T00:47:35.000734+00:00,2021-W16,null_rate_delta,image_url,0.0,0.1,False
2021-W17-2026-07-07T00:48:25.517543+00:00,2021-W17,null_rate_delta,image_url,0.0,0.1,False
2021-W18-2026-07-07T00:50:07.738745+00:00,2021-W18,null_rate_delta,image_url,0.0,0.1,False
2021-W14-2026-07-07T00:46:35.743387+00:00,2021-W14,null_rate_delta,lat,0.009966534389115447,0.1,False
2021-W15-2026-07-07T00:47:00.838004+00:00,2021-W15,null_rate_delta,lat,0.0009878305943513757,0.1,False
2021-W16-2026-07-07T00:47:35.000734+00:00,2021-W16,null_rate_delta,lat,-0.0006881267714365889,0.1,False
2021-W17-2026-07-07T00:48:25.517543+00:00,2021-W17,null_rate_delta,lat,-0.008642391505316687,0.1,False
2021-W18-2026-07-07T00:50:07.738745+00:00,2021-W18,null_rate_delta,lat,-0.0015062790826127328,0.1,False
2021-W14-2026-07-07T00:46:35.743387+00:00,2021-W14,null_rate_delta,long,0.009966534389115447,0.1,False
2021-W15-2026-07-07T00:47:00.838004+00:00,2021-W15,null_rate_delta,long,0.0009878305943513757,0.1,False
2021-W16-2026-07-07T00:47:35.000734+00:00,2021-W16,null_rate_delta,long,-0.0006881267714365889,0.1,False
2021-W17-2026-07-07T00:48:25.517543+00:00,2021-W17,null_rate_delta,long,-0.008642391505316687,0.1,False
2021-W18-2026-07-07T00:50:07.738745+00:00,2021-W18,null_rate_delta,long,-0.0015062790826127328,0.1,False
2021-W14-2026-07-07T00:46:35.743387+00:00,2021-W14,null_rate_delta,mileage,0.009284116331096198,0.1,False
2021-W15-2026-07-07T00:47:00.838004+00:00,2021-W15,null_rate_delta,mileage,-0.0015731232229728217,0.1,False
2021-W16-2026-07-07T00:47:35.000734+00:00,2021-W16,null_rate_delta,mileage,-0.0001982152277120201,0.1,False
2021-W17-2026-07-07T00:48:25.517543+00:00,2021-W17,null_rate_delta,mileage,-0.0009266993658724994,0.1,False
2021-W18-2026-07-07T00:50:07.738745+00:00,2021-W18,null_rate_delta,mileage,0.0009498144238097436,0.1,False
2021-W14-2026-07-07T00:46:35.743387+00:00,2021-W14,null_rate_delta,model,-0.0012007591227824188,0.1,False
2021-W15-2026-07-07T00:47:00.838004+00:00,2021-W15,null_rate_delta,model,5.131773513460114e-05,0.1,False
2021-W16-2026-07-07T00:47:35.000734+00:00,2021-W16,null_rate_delta,model,0.0006511092252321684,0.1,False
2021-W17-2026-07-07T00:48:25.517543+00:00,2021-W17,null_rate_delta,model,-0.001101661827855524,0.1,False
2021-W18-2026-07-07T00:50:07.738745+00:00,2021-W18,null_rate_delta,model,0.00041952358642328817,0.1,False
2021-W14-2026-07-07T00:46:35.743387+00:00,2021-W14,null_rate_delta,paint_color,0.04055394018453834,0.1,False
2021-W15-2026-07-07T00:47:00.838004+00:00,2021-W15,null_rate_delta,paint_color,-0.010245706720870884,0.1,False
2021-W16-2026-07-07T00:47:35.000734+00:00,2021-W16,null_rate_delta,paint_color,0.005964612225378307,0.1,False
2021-W17-2026-07-07T00:48:25.517543+00:00,2021-W17,null_rate_delta,paint_color,-0.022612751328598413,0.1,False
2021-W18-2026-07-07T00:50:07.738745+00:00,2021-W18,null_rate_delta,paint_color,0.018436058785588516,0.1,False
2021-W14-2026-07-07T00:46:35.743387+00:00,2021-W14,null_rate_delta,posting_date,0.0,0.1,False
2021-W15-2026-07-07T00:47:00.838004+00:00,2021-W15,null_rate_delta,posting_date,0.0,0.1,False
2021-W16-2026-07-07T00:47:35.000734+00:00,2021-W16,null_rate_delta,posting_date,0.0,0.1,False
2021-W17-2026-07-07T00:48:25.517543+00:00,2021-W17,null_rate_delta,posting_date,0.0,0.1,False
2021-W18-2026-07-07T00:50:07.738745+00:00,2021-W18,null_rate_delta,posting_date,0.0,0.1,False
2021-W14-2026-07-07T00:46:35.743387+00:00,2021-W14,null_rate_delta,price,0.0,0.1,False
2021-W15-2026-07-07T00:47:00.838004+00:00,2021-W15,null_rate_delta,price,0.0,0.1,False
2021-W16-2026-07-07T00:47:35.000734+00:00,2021-W16,null_rate_delta,price,0.0,0.1,False
2021-W17-2026-07-07T00:48:25.517543+00:00,2021-W17,null_rate_delta,price,0.0,0.1,False
2021-W18-2026-07-07T00:50:07.738745+00:00,2021-W18,null_rate_delta,price,0.0,0.1,False
2021-W14-2026-07-07T00:46:35.743387+00:00,2021-W14,null_rate_delta,region,0.0,0.1,False
2021-W15-2026-07-07T00:47:00.838004+00:00,2021-W15,null_rate_delta,region,0.0,0.1,False
2021-W16-2026-07-07T00:47:35.000734+00:00,2021-W16,null_rate_delta,region,0.0,0.1,False
2021-W17-2026-07-07T00:48:25.517543+00:00,2021-W17,null_rate_delta,region,0.0,0.1,False
2021-W18-2026-07-07T00:50:07.738745+00:00,2021-W18,null_rate_delta,region,0.0,0.1,False
2021-W14-2026-07-07T00:46:35.743387+00:00,2021-W14,null_rate_delta,region_url,0.0,0.1,False
2021-W15-2026-07-07T00:47:00.838004+00:00,2021-W15,null_rate_delta,region_url,0.0,0.1,False
2021-W16-2026-07-07T00:47:35.000734+00:00,2021-W16,null_rate_delta,region_url,0.0,0.1,False
2021-W17-2026-07-07T00:48:25.517543+00:00,2021-W17,null_rate_delta,region_url,0.0,0.1,False
2021-W18-2026-07-07T00:50:07.738745+00:00,2021-W18,null_rate_delta,region_url,0.0,0.1,False
2021-W14-2026-07-07T00:46:35.743387+00:00,2021-W14,null_rate_delta,size,-0.030383300111551992,0.1,False
2021-W15-2026-07-07T00:47:00.838004+00:00,2021-W15,null_rate_delta,size,-0.007448367795244049,0.1,False
2021-W16-2026-07-07T00:47:35.000734+00:00,2021-W16,null_rate_delta,size,-0.00035830030140460156,0.1,False
2021-W17-2026-07-07T00:48:25.517543+00:00,2021-W17,null_rate_delta,size,-0.03675430375617039,0.1,False
2021-W18-2026-07-07T00:50:07.738745+00:00,2021-W18,null_rate_delta,size,0.02453674747121437,0.1,False
2021-W14-2026-07-07T00:46:35.743387+00:00,2021-W14,null_rate_delta,state,0.0,0.1,False
2021-W15-2026-07-07T00:47:00.838004+00:00,2021-W15,null_rate_delta,state,0.0,0.1,False
2021-W16-2026-07-07T00:47:35.000734+00:00,2021-W16,null_rate_delta,state,0.0,0.1,False
2021-W17-2026-07-07T00:48:25.517543+00:00,2021-W17,null_rate_delta,state,0.0,0.1,False
2021-W18-2026-07-07T00:50:07.738745+00:00,2021-W18,null_rate_delta,state,0.0,0.1,False
2021-W14-2026-07-07T00:46:35.743387+00:00,2021-W14,null_rate_delta,title_status,-0.0453123761802876,0.1,False
2021-W15-2026-07-07T00:47:00.838004+00:00,2021-W15,null_rate_delta,title_status,-0.00017810396681627524,0.1,False
2021-W16-2026-07-07T00:47:35.000734+00:00,2021-W16,null_rate_delta,title_status,0.001158171974993346,0.1,False
2021-W17-2026-07-07T00:48:25.517543+00:00,2021-W17,null_rate_delta,title_status,-0.00610090595542645,0.1,False
2021-W18-2026-07-07T00:50:07.738745+00:00,2021-W18,null_rate_delta,title_status,0.0027678770223628375,0.1,False
2021-W14-2026-07-07T00:46:35.743387+00:00,2021-W14,null_rate_delta,transmission,0.000919135949218425,0.1,False
2021-W15-2026-07-07T00:47:00.838004+00:00,2021-W15,null_rate_delta,transmission,-0.0004837566435656822,0.1,False
2021-W16-2026-07-07T00:47:35.000734+00:00,2021-W16,null_rate_delta,transmission,0.0002844959635087082,0.1,False
2021-W17-2026-07-07T00:48:25.517543+00:00,2021-W17,null_rate_delta,transmission,-0.0008622852962655849,0.1,False
2021-W18-2026-07-07T00:50:07.738745+00:00,2021-W18,null_rate_delta,transmission,0.0005693265401658233,0.1,False
2021-W14-2026-07-07T00:46:35.743387+00:00,2021-W14,null_rate_delta,type,0.057797365421307034,0.1,False
2021-W15-2026-07-07T00:47:00.838004+00:00,2021-W15,null_rate_delta,type,-0.013078515629245502,0.1,False
2021-W16-2026-07-07T00:47:35.000734+00:00,2021-W16,null_rate_delta,type,0.011468587421777476,0.1,False
2021-W17-2026-07-07T00:48:25.517543+00:00,2021-W17,null_rate_delta,type,-0.0060963474458261,0.1,False
2021-W18-2026-07-07T00:50:07.738745+00:00,2021-W18,null_rate_delta,type,-0.00604651095719777,0.1,False
2021-W14-2026-07-07T00:46:35.743387+00:00,2021-W14,null_rate_delta,url,0.0,0.1,False
2021-W15-2026-07-07T00:47:00.838004+00:00,2021-W15,null_rate_delta,url,0.0,0.1,False
2021-W16-2026-07-07T00:47:35.000734+00:00,2021-W16,null_rate_delta,url,0.0,0.1,False
2021-W17-2026-07-07T00:48:25.517543+00:00,2021-W17,null_rate_delta,url,0.0,0.1,False
2021-W18-2026-07-07T00:50:07.738745+00:00,2021-W18,null_rate_delta,url,0.0,0.1,False
2021-W14-2026-07-07T00:46:35.743387+00:00,2021-W14,null_rate_delta,vin,0.1012331681387878,0.1,True
2021-W15-2026-07-07T00:47:00.838004+00:00,2021-W15,null_rate_delta,vin,0.0014063679656010075,0.1,False
2021-W16-2026-07-07T00:47:35.000734+00:00,2021-W16,null_rate_delta,vin,0.022162069274930585,0.1,False
2021-W17-2026-07-07T00:48:25.517543+00:00,2021-W17,null_rate_delta,vin,0.04185055061731768,0.1,False
2021-W18-2026-07-07T00:50:07.738745+00:00,2021-W18,null_rate_delta,vin,-0.06125522970112296,0.1,False
2021-W14-2026-07-07T00:46:35.743387+00:00,2021-W14,null_rate_delta,year,0.0,0.1,False
2021-W15-2026-07-07T00:47:00.838004+00:00,2021-W15,null_rate_delta,year,0.0,0.1,False
2021-W16-2026-07-07T00:47:35.000734+00:00,2021-W16,null_rate_delta,year,0.0,0.1,False
2021-W17-2026-07-07T00:48:25.517543+00:00,2021-W17,null_rate_delta,year,0.0,0.1,False
2021-W18-2026-07-07T00:50:07.738745+00:00,2021-W18,null_rate_delta,year,0.0,0.1,False
2021-W14-2026-07-07T00:46:35.743387+00:00,2021-W14,category_shift,title_status,0.007872125558043355,0.15,False
2021-W15-2026-07-07T00:47:00.838004+00:00,2021-W15,category_shift,title_status,0.002583766496512374,0.15,False
2021-W16-2026-07-07T00:47:35.000734+00:00,2021-W16,category_shift,title_status,0.0040735727771658015,0.15,False
2021-W17-2026-07-07T00:48:25.517543+00:00,2021-W17,category_shift,title_status,0.0008768702795919755,0.15,False
2021-W18-2026-07-07T00:50:07.738745+00:00,2021-W18,category_shift,title_status,0.005116090453554267,0.15,False
2021-W14-2026-07-07T00:46:35.743387+00:00,2021-W14,category_shift,brand,0.03465732799346537,0.15,False
2021-W15-2026-07-07T00:47:00.838004+00:00,2021-W15,category_shift,brand,0.007180851668828987,0.15,False
2021-W16-2026-07-07T00:47:35.000734+00:00,2021-W16,category_shift,brand,0.010487647088231578,0.15,False
2021-W17-2026-07-07T00:48:25.517543+00:00,2021-W17,category_shift,brand,0.01398543199874537,0.15,False
2021-W18-2026-07-07T00:50:07.738745+00:00,2021-W18,category_shift,brand,0.007514896322688924,0.15,False
